{
    "scores": {
        "precision": 0.6000143030823143,
        "recall": 0.9998808246931236,
        "f1": 0.7499776526325199,
        "threshold": 0.009091672487556934
    },
    "params": {
        "lstm_units_1": 64,
        "lstm_units_2": 96,
        "dropout_1": 0.24372425470293602,
        "dropout_2": 0.4161486485477507,
        "dropout_3": 0.5497768535245431,
        "recurrent_dropout": 0.23847994356958832,
        "dense_units_1": 96,
        "dense_units_2": 16,
        "learning_rate": 0.0029008157177534597,
        "l2_reg": 3.0101815872762693e-05,
        "class_weight_mult": 1.4861967839924162,
        "focal_gamma": 0.8977264182322394,
        "focal_alpha": 0.29561616177601896
    }
}