{
  "train_date": "2026-03-05 11:49:33",
  "model_type": "LSTM Precision-Optimised (Attention + BiLSTM)",
  "approach": "Transaction-level sliding window (not user-level)",
  "datasets_used": [
    "fraud_detection_dataset_lstm_v3.csv"
  ],
  "n_optuna_trials": 20,
  "subsample_frac": 0.15,
  "cv_folds": 3,
  "prec_target": 0.6,
  "seq_len": 15,
  "n_features": 26,
  "feature_columns": [
    "amount",
    "merchant_category_encoded",
    "time_gap_from_previous_hrs",
    "amount_deviation_from_avg_pct",
    "transactions_last_1hr",
    "transactions_last_24hr",
    "account_age_days",
    "avg_transaction_amount",
    "transaction_frequency",
    "device_id_encoded",
    "location_encoded",
    "most_used_device_encoded",
    "most_used_location_encoded",
    "location_changed",
    "device_changed",
    "hour",
    "day_of_week",
    "day_of_month",
    "month",
    "log_amount",
    "amount_x_time_gap",
    "amount_x_location_changed",
    "tx_frequency_ratio",
    "amount_zscore",
    "hour_sin",
    "hour_cos"
  ],
  "best_hyperparams": {
    "lstm_units_1": 192,
    "lstm_units_2": 96,
    "dropout_1": 0.15177155434617653,
    "dropout_2": 0.20628281799612452,
    "dropout_3": 0.3920568262783052,
    "recurrent_dropout": 0.1729737994231733,
    "dense_units_1": 64,
    "dense_units_2": 32,
    "learning_rate": 0.0009362115196011857,
    "l2_reg": 0.0005069041070711453,
    "class_weight_mult": 0.4592471053077572,
    "focal_gamma": 1.1031474091783005,
    "focal_alpha": 0.2060809470726902
  },
  "threshold_f1_optimal": 0.5140417218208313,
  "threshold_prec_targeted": 0.049451664090156555,
  "chosen_threshold": 0.049451664090156555,
  "metrics_f1_threshold": {
    "threshold": 0.5140417218208313,
    "precision": 0.8687628161312372,
    "recall": 0.8801939058171745,
    "f1": 0.8744410044719643,
    "roc_auc": 0.9840987190603714,
    "pr_auc": 0.952445197178379,
    "tp": 1271,
    "fp": 192,
    "fn": 173,
    "tn": 4140,
    "fp_rate": 0.0443213296398892
  },
  "metrics_prec_threshold": {
    "threshold": 0.049451664090156555,
    "precision": 0.600166251039069,
    "recall": 1.0,
    "f1": 0.7501298701298701,
    "roc_auc": 0.9840987190603714,
    "pr_auc": 0.952445197178379,
    "tp": 1444,
    "fp": 962,
    "fn": 0,
    "tn": 3370,
    "fp_rate": 0.22206832871652815
  },
  "leakage_prevention": {
    "user_split": "Users split before sequences built (zero overlap)",
    "scaling": "RobustScaler fit on train only",
    "features": "26 leak-free features (no label-derived, no future info)",
    "prediction_level": "Transaction-level (last tx in window)",
    "user_overlap_verified": 0
  },
  "baseline_comparison": {
    "precision": 0.2127,
    "recall": 0.6515,
    "f1": 0.3207,
    "auc": 0.634,
    "threshold": 0.5301
  },
  "train_users": 16000,
  "test_users": 4000,
  "train_sequences": 22860,
  "test_sequences": 5776,
  "fraud_rate_txn_level": 0.25
}