{
    "precision": 0.15740251904366845,
    "recall": 0.24809795530194959,
    "f1": 0.19260763231968991,
    "pr_auc": 0.0915561230977685,
    "threshold": 0.876556396484375
}